store_id,store_name,selected_promotions,predicted_incremental_profit,true_incremental_profit,avg_predicted_uplift
1004,Toronto Stockyards,240,1797.093553270429,1568.9209988895993,4.154585205816919
1061,Mississauga Heartland,240,1255.1342367125555,1233.5662781274204,2.9888640797758312
1079,Brampton West,240,1201.2434606378156,1188.639657748579,2.8147094449160024
1126,Mississauga East,240,1422.6081029684772,1480.371861078936,3.3190284998782498
1139,Toronto Downsview,240,1385.8870296740695,1211.7171195335316,3.2018952677448174
1150,Toronto Downtown East,240,2192.1834123273006,1952.6788304766665,4.7664526208160005
1188,Brampton South,240,1232.4862594367023,1253.588267566129,2.8586841425223186
3031,Etobicoke North Queen,240,1098.0784032264328,1052.6524568480263,2.623929345203827
3054,Mississauga Meadowvale,240,1053.7988672563106,1031.0776309768485,2.6390976916822333
3055,Mississauga Square One,240,1393.3058185001219,1411.5790826518926,3.1808667128445682
3105,Toronto North Park,240,1747.451309932018,1464.963900802693,4.10411118300795
3106,Toronto Dufferin Mall,240,2831.1843532933763,2209.020247310057,6.29405690111631
3130,Brampton North,240,1362.5436094768113,1319.8515797999105,3.01324120932187
3135,Brampton East,240,1152.7805904773077,1073.9531304051886,2.782631303490527
PORT_CREDIT,Mississauga Port Credit,240,1170.2394971164858,1162.8460748609227,2.824454850265297
