category,selected_count,avg_predicted_uplift,predicted_profit,true_profit
Breakfast,243,3.9173991529450682,1405.1550489431527,1557.7024930291511
Cleaning,161,3.4608261083459184,776.2246499800424,681.6769281218653
Cold Beverages,511,4.04849502605473,3338.8611522664337,3856.916271210032
Dairy,58,2.92982310714452,252.64963598609563,162.73387609876892
Frozen Food,284,3.0238506419587208,1434.6610171661887,1716.8106692390668
Hot Beverages,616,3.199040430698446,4747.068527119431,4319.7847302053915
Household Staples,170,4.120852981076142,937.1320151174234,323.25148915381277
Personal Care,379,1.5973521834396232,1865.458568641528,1906.1391845805367
Ready-to-Eat,590,3.390248691132596,3769.21511315222,2814.112003971438
Snacks,588,4.239087813227291,3769.5927759336987,3276.299471466338
