store_id,flyer_products,total_profit_proxy,avg_opportunity_score,avg_economic_score,avg_discount_pct
1004,7,114.05898463271899,36.93078174917334,26.273945297403206,26.40321652155645
1061,7,70.91884345202011,25.402149685918697,24.128474176358207,26.40321652155645
1079,7,61.90929608314032,22.9944673318621,23.936153876891776,26.40321652155645
1126,7,75.80277942213345,26.707316968151023,24.29165252390173,26.40321652155645
1139,7,51.328669324221224,20.166934793401627,24.001023897216015,26.40321652155645
1150,7,120.31031478082035,38.60136703728167,26.662664240144768,26.40321652155645
1188,7,48.35428607444755,19.37207021569621,24.11047574649788,26.40321652155645
3031,7,40.15936600038182,17.18208623010943,24.776521657423938,26.40321652155645
3054,7,54.2992585293777,20.960785462871563,23.938777890330098,26.40321652155645
3055,7,76.2079674810639,26.815598116983317,24.306639872080893,26.40321652155645
3105,7,88.36937808593268,30.065574227317036,24.836361348900105,26.40321652155645
3106,7,146.75088712528154,45.66726023462565,28.402461911017745,26.40321652155645
3130,7,76.38917179876033,26.86402257387707,24.31340817580655,26.40321652155645
3135,7,51.496074182128964,20.21167152720915,23.996363779935027,26.40321652155645
PORT_CREDIT,7,48.09527689154271,19.302853437795395,24.122617643517135,26.40321652155645
